time,can0_MO_Gangposition [],can0_MO_Kuppl_schalter []
0.0,2,0
0.10000991821289062,2,0
0.2000570297241211,2,0
0.3001730442047119,2,0
0.34050512313842773,2,0
0.34937000274658203,2,0
0.44994091987609863,2,0
0.5503790378570557,2,0
0.6501851081848145,2,0
0.7504129409790039,2,0
0.8199939727783203,2,0
0.9199910163879395,2,0
1.0198760032653809,2,0
1.1200110912322998,2,0
1.2092630863189697,1,0
1.3103830814361572,1,0
1.4102530479431152,1,0
1.5103790760040283,1,0
1.6111390590667725,1,0
1.7113850116729736,1,0
1.8112602233886719,1,0
1.9115040302276611,1,0
2.0113792419433594,1,0
2.112138271331787,1,0
2.210391044616699,1,0
2.312000036239624,1,0
2.410521984100342,1,0
2.5105130672454834,1,0
2.610551118850708,1,0
2.711754322052002,1,0
2.810500144958496,1,0
2.9115371704101562,1,0
2.969508171081543,1,0
3.0696351528167725,1,0
3.109624147415161,1,0
3.2105519771575928,1,0
3.310699939727783,1,0
3.410703182220459,1,0
3.5106661319732666,1,0
3.6111299991607666,1,0
3.712264060974121,1,0
3.8111772537231445,1,0
3.91188907623291,1,0
3.999551296234131,1,0
4.1011292934417725,1,0
4.200567007064819,1,0
4.290374040603638,0,0
4.391391277313232,0,0
4.490119218826294,0,0
4.59101414680481,0,0
4.6911232471466064,0,0
4.79092812538147,0,0
4.869636058807373,1,0
4.970547199249268,1,0
5.070723056793213,1,0
5.1705162525177,1,0
5.272020101547241,1,0
5.370503187179565,1,0
5.470759153366089,1,0
5.5709240436553955,1,0
5.670815944671631,1,0
5.77064323425293,1,0
5.8710150718688965,1,0
5.970511198043823,1,0
6.070781230926514,1,0
6.08980131149292,1,0
6.191012144088745,1,0
6.290379047393799,1,0
6.39075493812561,1,0
6.490762233734131,1,0
6.509748220443726,1,0
6.550126075744629,1,0
6.650629043579102,1,0
6.750806093215942,1,0
6.850707292556763,1,0
6.950766086578369,1,0
7.050629138946533,1,0
7.150750160217285,1,0
7.250630140304565,1,0
7.350751161575317,1,0
7.450632095336914,1,0
7.550760269165039,1,0
7.651259183883667,1,0
7.750878095626831,1,0
7.850557088851929,1,0
7.950762033462524,1,0
8.050634145736694,1,0
8.150627136230469,1,0
8.25051212310791,1,0
8.35077714920044,1,0
8.400123119354248,1,0
8.40962815284729,1,0
8.510938167572021,1,0
8.610701084136963,1,0
8.71226692199707,1,0
8.72001600265503,1,0
8.789921045303345,0,0
8.890628099441528,0,0
8.990886211395264,0,0
9.091013193130493,0,0
9.190922260284424,0,0
9.291632175445557,0,0
9.371262073516846,1,0
9.470922946929932,1,0
9.570827007293701,1,0
9.67101001739502,1,0
9.770762920379639,1,0
9.871017217636108,1,0
9.970893144607544,1,0
10.070894002914429,1,0
10.170939207077026,1,0
10.271002054214478,1,0
10.37079119682312,1,0
10.471008062362671,1,0
10.572510242462158,1,0
10.671051979064941,1,0
10.770920276641846,1,0
10.87105917930603,1,0
10.971387147903442,1,0
11.07087516784668,1,0
11.170749187469482,1,0
11.209818124771118,1,1
11.311637878417969,1,1
11.410913944244385,1,1
11.511873006820679,1,1
11.611753940582275,1,1
11.712001085281372,1,1
11.811924934387207,1,1
11.911058187484741,1,1
12.01238489151001,1,1
12.113371133804321,1,1
12.212507009506226,1,1
12.311069250106812,1,1
12.410927057266235,1,1
12.511193037033081,1,1
12.612502098083496,1,1
12.711884021759033,1,1
12.812777280807495,1,1
12.913010120391846,1,1
13.011014223098755,1,1
13.111292123794556,1,1
13.212512016296387,1,1
13.312631130218506,1,1
13.411431074142456,1,1
13.51117992401123,1,1
13.612756252288818,1,1
13.713748216629028,1,1
13.812756299972534,1,1
13.913757085800171,1,1
13.951761245727539,1,0
14.05101203918457,1,0
14.100926160812378,1,0
14.202015161514282,1,0
14.302257061004639,1,0
14.400757074356079,1,0
14.501130104064941,1,0
14.600628137588501,1,0
14.700623035430908,1,0
14.800645112991333,1,0
14.902132272720337,1,0
15.000892162322998,1,0
15.04030728340149,2,0
15.141258955001831,2,0
15.241381168365479,2,0
15.342241048812866,2,0
15.441378116607666,2,0
15.541512250900269,2,0
15.64237904548645,2,0
15.741379022598267,2,0
15.810276985168457,2,1
15.91226315498352,2,1
16.0112521648407,2,1
16.11212730407715,2,1
16.211145162582397,2,1
16.3112690448761,2,1
16.411427974700928,2,1
16.512636184692383,2,1
16.611180067062378,2,1
16.71126127243042,2,1
16.811191082000732,2,1
16.91130018234253,2,1
17.011160135269165,2,1
17.111309051513672,2,1
17.211284160614014,2,1
17.311383962631226,2,1
17.41129422187805,2,1
17.51124906539917,2,1
17.6114239692688,2,1
17.711311101913452,2,1
17.811129093170166,2,1
17.911156177520752,2,1
18.011133193969727,2,1
18.111284971237183,2,1
18.21124005317688,2,1
18.311358213424683,2,1
18.41118311882019,2,1
18.511296033859253,2,1
18.611135244369507,2,1
18.711294174194336,2,1
18.812880039215088,2,1
18.911262273788452,2,1
19.01128315925598,2,1
19.111379146575928,2,1
19.211260080337524,2,1
19.312891006469727,2,1
19.411256074905396,2,1
19.511044025421143,2,1
19.611293077468872,2,1
19.712061166763306,2,1
19.8113911151886,2,1
19.911391973495483,2,1
20.01312828063965,2,1
20.111541032791138,2,1
20.211182117462158,2,1
20.311422109603882,2,1
20.412128925323486,2,1
20.51141595840454,2,1
20.611764192581177,2,1
20.712764024734497,2,1
20.8112850189209,2,1
20.91143012046814,2,1
21.012884855270386,2,1
21.113145112991333,2,1
21.21214199066162,2,1
21.3123881816864,2,1
21.411911249160767,2,1
21.512137174606323,2,1
21.612380027770996,2,1
21.71168613433838,2,1
21.811506271362305,2,1
21.911513090133667,2,1
22.01313805580139,2,1
22.111541986465454,2,1
22.21276307106018,2,1
22.31326198577881,2,1
22.412882089614868,2,1
22.511491060256958,2,1
22.611284255981445,2,1
22.712268114089966,2,1
22.811500072479248,2,1
22.910913944244385,2,0
23.011380195617676,2,0
23.061166048049927,2,0
23.161452054977417,2,0
23.261048078536987,2,0
23.36212921142578,2,0
23.461326122283936,2,0
23.562510013580322,2,0
23.661547899246216,2,0
23.71150517463684,3,0
23.81143021583557,3,0
23.91228199005127,3,0
24.011311054229736,3,0
24.112253189086914,3,0
24.211250066757202,3,0
24.312509059906006,3,0
24.41239023208618,3,0
24.51149606704712,4,0
24.612280130386353,4,0
24.71250009536743,4,0
24.811661958694458,4,0
24.912628173828125,4,0
24.96130394935608,5,0
25.062133073806763,5,0
25.1106960773468,5,0
25.161033153533936,5,0
25.262012243270874,5,0
25.36188006401062,5,0
25.46178913116455,5,0
25.56116509437561,5,0
25.661545991897583,5,0
25.761425018310547,5,0
25.861428260803223,5,0
25.96129822731018,5,0
26.010512113571167,4,0
26.111589193344116,4,0
26.211536169052124,4,0
26.311636924743652,4,0
26.411421060562134,4,0
26.51204800605774,4,0
26.612008094787598,4,0
26.71168088912964,4,0
26.8123881816864,4,0
26.912642002105713,4,0
27.01327109336853,4,0
27.112009286880493,4,0
27.212016105651855,4,0
27.311763286590576,4,0
27.41125798225403,3,0
27.511879205703735,3,0
27.611377239227295,3,0
27.711754322052002,3,0
27.8115291595459,3,0
27.891000032424927,3,0
27.992146253585815,3,0
28.09212899208069,3,0
28.19213628768921,3,0
28.2915141582489,3,0
28.301374197006226,3,0
28.401414155960083,3,0
28.501918077468872,3,0
28.601691007614136,3,0
28.65074920654297,2,0
28.751888036727905,2,0
28.85188126564026,2,0
28.951754331588745,2,0
29.05162811279297,2,0
29.151759147644043,2,0
29.251631021499634,2,0
29.352265119552612,2,0
29.451637029647827,2,0
29.55175805091858,2,0
29.611252307891846,2,1
29.712168216705322,2,1
29.81193518638611,2,1
29.91192102432251,2,1
30.01275897026062,2,1
30.112534999847412,2,1
30.211755990982056,2,1
30.31189513206482,2,1
30.412758111953735,2,1
30.512052297592163,2,1
30.612016201019287,2,1
30.712387084960938,2,1
30.812042236328125,2,1
30.912756204605103,2,1
31.01189112663269,2,1
31.112799167633057,2,1
31.213130950927734,2,1
31.31243896484375,2,1
31.412269115447998,2,1
31.512766122817993,2,1
31.61181616783142,2,1
31.71214008331299,2,1
31.812888145446777,2,1
31.912007093429565,2,1
32.01200604438782,2,1
32.11201095581055,2,1
32.213500022888184,2,1
32.31300902366638,2,1
32.412044048309326,2,1
32.513264179229736,2,1
32.61189126968384,2,1
32.713006019592285,2,1
32.81226325035095,2,1
32.91299915313721,2,1
33.012304067611694,2,1
33.11325001716614,2,1
33.21251130104065,2,1
33.313260078430176,2,1
33.4132661819458,2,1
33.51464009284973,2,1
33.61525297164917,2,1
33.712507009506226,2,1
33.81288409233093,2,1
33.912631034851074,2,1
34.01350116729736,2,1
34.112504959106445,2,1
34.21226525306702,2,1
34.31238603591919,2,1
34.41226100921631,2,1
34.47137713432312,2,0
34.572195053100586,2,0
34.58163619041443,2,0
34.681663274765015,2,0
34.781684160232544,2,0
34.8827691078186,2,0
34.94151711463928,2,0
35.0418221950531,2,0
35.121623039245605,3,0
35.22164225578308,3,0
35.32181406021118,3,0
35.413127183914185,3,1
35.51201105117798,3,1
35.612189054489136,3,1
35.71325898170471,3,1
35.812138080596924,3,1
35.912392139434814,3,1
36.01326107978821,3,1
36.11225700378418,3,1
36.213133096694946,3,1
36.31231212615967,3,1
36.41339111328125,3,1
36.51228904724121,3,1
36.61314010620117,3,1
36.7132670879364,3,1
36.813514947891235,3,1
36.912395000457764,3,1
37.01313924789429,3,1
37.11350607872009,3,1
37.21325993537903,3,1
37.3132541179657,3,1
37.41312623023987,3,1
37.51339626312256,3,1
37.61352014541626,3,1
37.713391065597534,3,1
37.8121280670166,3,1
37.91326904296875,3,1
38.013641119003296,3,1
38.11326217651367,3,1
38.21214509010315,3,1
38.31376624107361,3,1
38.41313815116882,3,1
38.512251138687134,3,1
38.6121289730072,3,1
38.71338105201721,3,1
38.81588125228882,3,1
38.91237711906433,3,1
39.01363706588745,3,1
39.11326217651367,3,1
39.21363306045532,3,1
39.3125422000885,3,1
39.4138879776001,3,1
39.51351022720337,3,1
39.616008281707764,3,1
39.71242809295654,3,1
39.81388998031616,3,1
39.912381172180176,3,1
40.013389110565186,3,1
40.11389422416687,3,1
40.21242690086365,3,1
40.313637018203735,3,1
40.41362810134888,3,1
40.51250910758972,3,1
40.61242628097534,3,1
40.71338510513306,3,1
40.812435150146484,3,1
40.91338801383972,3,1
41.01325011253357,3,1
41.11338806152344,3,1
41.212759017944336,3,1
41.313257932662964,3,1
41.41217398643494,3,1
41.51213312149048,3,1
41.612123012542725,3,1
41.71339416503906,3,1
41.812885999679565,3,1
41.91280722618103,3,1
42.01263618469238,3,1
42.11351227760315,3,1
42.21225905418396,3,1
42.313640117645264,3,1
42.412312030792236,3,1
42.513636112213135,3,1
42.613394260406494,3,1
42.713640213012695,3,1
42.814626932144165,3,1
42.913524866104126,3,1
43.01268124580383,3,1
43.11413502693176,3,1
43.21351504325867,3,1
43.31351399421692,3,1
43.41438007354736,3,1
43.51363205909729,3,1
43.61250400543213,3,1
43.71638607978821,3,1
43.813756227493286,3,1
43.91362905502319,3,1
44.01251292228699,3,1
44.11363196372986,3,1
44.21259689331055,3,1
44.312633991241455,3,1
44.41255211830139,3,1
44.51254320144653,3,1
44.61400508880615,3,1
44.71375918388367,3,1
44.81241011619568,3,1
44.91362905502319,3,1
45.013503313064575,3,1
45.112553119659424,3,1
45.212536096572876,3,1
45.31351327896118,3,1
45.412538051605225,3,1
45.51363706588745,3,1
45.613503217697144,3,1
45.71363711357117,3,1
45.81367802619934,3,1
45.91362714767456,3,1
46.01317024230957,3,1
46.11375308036804,3,1
46.21370220184326,3,1
46.31363296508789,3,1
46.41363501548767,3,1
46.513755083084106,3,1
46.613632917404175,3,1
46.71375298500061,3,1
46.81362819671631,3,1
46.913758277893066,3,1
47.01363205909729,3,1
47.113755226135254,3,1
47.21363115310669,3,1
47.314258098602295,3,1
47.41363596916199,3,1
47.513758182525635,3,1
47.61375713348389,3,1
47.71363711357117,3,1
47.81370520591736,3,1
47.91375398635864,3,1
48.01255798339844,3,1
48.11363124847412,3,1
48.212629079818726,3,1
48.31426024436951,3,1
48.41268706321716,3,1
48.513753175735474,3,1
48.612632036209106,3,1
48.713757276535034,3,1
48.81266188621521,3,1
48.91375207901001,3,1
49.01363015174866,3,1
49.11387896537781,3,1
49.21375608444214,3,1
49.3137891292572,3,1
49.41387891769409,3,1
49.513880014419556,3,1
49.61375617980957,3,1
49.713874101638794,3,1
49.81375312805176,3,1
49.914013147354126,3,1
50.01387691497803,3,1
50.114015102386475,3,1
50.213884115219116,3,1
50.314006090164185,3,1
50.41375923156738,3,1
50.513880014419556,3,1
50.6130690574646,3,1
50.71317005157471,3,1
50.813276052474976,3,1
50.91342306137085,3,1
51.01351809501648,3,1
51.11376929283142,3,1
51.2142550945282,3,1
51.31389784812927,3,1
51.41400909423828,3,1
51.51413702964783,3,1
51.61325812339783,3,1
51.71437907218933,3,1
51.81353807449341,3,1
51.91364812850952,3,1
52.013761043548584,3,1
52.11388111114502,3,1
52.21276307106018,3,1
52.313008069992065,3,1
52.41400694847107,3,1
52.513896226882935,3,1
52.614142179489136,3,1
52.713990211486816,3,1
52.81400489807129,3,1
52.91413116455078,3,1
53.01387691497803,3,1
53.11301612854004,3,1
53.21388792991638,3,1
53.31413388252258,3,1
53.41401219367981,3,1
53.513144969940186,3,1
53.613882064819336,3,1
53.71400809288025,3,1
53.81400489807129,3,1
53.91413116455078,3,1
54.014137983322144,3,1
54.11413908004761,3,1
54.213183879852295,3,1
54.31388711929321,3,1
54.413021087646484,3,1
54.5137619972229,3,1
54.61288595199585,3,1
54.71351385116577,3,1
54.81291627883911,3,1
54.913392066955566,3,1
55.014132261276245,3,1
55.11318230628967,3,1
55.21387696266174,3,1
55.31500315666199,3,1
55.412927865982056,3,1
55.513761043548584,3,1
55.61402106285095,3,1
55.713568925857544,3,1
55.81399393081665,3,1
55.91341304779053,3,1
56.01400709152222,3,1
56.11426401138306,3,1
56.21412205696106,3,1
56.31426501274109,3,1
56.41400408744812,3,1
56.51400589942932,3,1
56.61400508880615,3,1
56.715028285980225,3,1
56.81410026550293,3,1
56.91404628753662,3,1
57.01400709152222,3,1
57.11400508880615,3,1
57.21400594711304,3,1
57.314008951187134,3,1
57.414064168930054,3,1
57.51400709152222,3,1
57.61415219306946,3,1
57.71401309967041,3,1
57.81404209136963,3,1
57.91400909423828,3,1
58.01401901245117,3,1
58.114116191864014,3,1
58.21400690078735,3,1
58.314129114151,3,1
58.41316294670105,3,1
58.5141339302063,3,1
58.61510920524597,3,1
58.714133977890015,3,1
58.8131639957428,3,1
58.91414213180542,3,1
59.01387691497803,3,1
59.11414122581482,3,1
59.21413707733154,3,1
59.31612730026245,3,1
59.41402220726013,3,1
59.514177083969116,3,1
59.61391997337341,3,1
59.71393823623657,3,1
59.81404995918274,3,1
59.91388010978699,3,1
60.0139901638031,3,1
60.11402416229248,3,1
60.21400690078735,3,1
60.31404900550842,3,1
60.41407513618469,3,1
60.51400709152222,3,1
60.61401605606079,3,1
60.7150182723999,3,1
60.81406092643738,3,1
60.9140191078186,3,1
61.01401424407959,3,1
61.11405611038208,3,1
61.21401596069336,3,1
61.31405997276306,3,1
61.324037075042725,3,1
61.3843948841095,3,1
61.48413109779358,3,1
61.58414006233215,3,1
61.6842679977417,3,1
61.784013986587524,3,1
61.88413095474243,3,1
61.95299816131592,3,0
62.05293321609497,3,0
62.093034982681274,3,0
62.1938750743866,3,0
62.29412508010864,3,0
62.363221883773804,4,0
62.46400809288025,4,0
62.56401205062866,4,0
62.664135217666626,4,0
62.764005184173584,4,0
62.864137172698975,4,0
62.964006185531616,4,0
63.02315902709961,4,0
63.12317991256714,4,0
63.22403812408447,4,0
63.32313013076782,4,0
63.36316895484924,3,0
63.46404409408569,3,0
63.5640549659729,3,0
63.66487693786621,3,0
63.76401090621948,3,0
63.86500287055969,3,0
63.91403007507324,2,0
64.01405620574951,2,0
64.11404299736023,2,0
64.21500611305237,2,0
64.31400895118713,2,0
64.4140031337738,2,0
64.51413106918335,2,0
64.61375522613525,2,0
64.67317700386047,2,0
64.77313923835754,2,0
64.87343621253967,2,0
64.97329807281494,2,0
65.07337689399719,2,0
65.17300820350647,2,0
65.27462911605835,2,0
65.37313413619995,2,0
65.41275310516357,1,0
65.51376008987427,1,0
65.61405110359192,1,0
65.71675205230713,1,0
65.81374621391296,1,0
65.91375994682312,1,0
66.01376295089722,1,0
66.09339809417725,1,0
66.19376111030579,1,0
66.23275017738342,1,0
66.33351421356201,1,0
66.43451309204102,1,0
66.53412699699402,1,0
66.63366508483887,1,0
66.73355412483215,1,0
66.83650302886963,1,0
66.93363404273987,1,0
67.03463125228882,1,0
67.13500213623047,1,0
67.23488211631775,1,0
67.33400225639343,1,0
67.43413400650024,1,0
67.53425908088684,1,0
67.63438987731934,1,0
67.73450517654419,1,0
67.83488416671753,1,0
67.93367123603821,1,0
68.03368711471558,1,0
68.0735399723053,1,1
68.17438626289368,1,1
68.27349805831909,1,1
68.37392997741699,1,1
68.4740252494812,1,1
68.57650089263916,1,1
68.67404627799988,1,1
68.77414011955261,1,1
68.87400698661804,1,1
68.97387790679932,1,1
69.07398796081543,1,1
69.17475914955139,1,1
69.27388095855713,1,1
69.37400603294373,1,1
69.47388410568237,1,1
69.57379817962646,1,1
69.67400431632996,1,1
69.77388620376587,1,1
69.87587904930115,1,1
69.97475028038025,1,1
70.07401204109192,1,1
70.09463405609131,1,0
70.19576215744019,1,0
70.2536370754242,1,0
70.35387992858887,1,0
70.4544312953949,1,0
70.55463814735413,1,0
70.65428400039673,1,0
70.67300510406494,1,0
70.77625107765198,1,0
70.87487721443176,1,0
70.93362021446228,2,0
71.0346291065216,2,0
71.134516954422,2,0
71.2346260547638,2,0
71.3346300125122,2,0
71.43390727043152,2,0
71.49275612831116,2,1
71.59464311599731,2,1
71.69363617897034,2,1
71.79387998580933,2,1
71.8937840461731,2,1
71.99352812767029,2,1
72.09488606452942,2,1
72.19487714767456,2,1
72.29388403892517,2,1
72.39564323425293,2,1
72.49388217926025,2,1
72.59353804588318,2,1
72.69586706161499,2,1
72.794753074646,2,1
72.89381217956543,2,1
72.99401021003723,2,1
73.09478712081909,2,1
73.19359612464905,2,1
73.29488205909729,2,1
73.39650011062622,2,1
73.49420619010925,2,1
73.59663105010986,2,1
73.69625902175903,2,1
73.7941312789917,2,1
73.89501309394836,2,1
73.99576210975647,2,1
74.09487724304199,2,1
74.19463324546814,2,1
74.29388117790222,2,1
74.39588499069214,2,1
74.49400591850281,2,1
74.59451103210449,2,1
74.69588613510132,2,1
74.79312825202942,2,0
74.89600396156311,2,0
74.92429208755493,2,0
75.02379512786865,2,0
75.12378120422363,2,0
75.22574996948242,2,0
75.32349610328674,2,0
75.42475628852844,2,0
75.49390316009521,3,0
75.50563716888428,3,0
75.6045470237732,3,0
75.70450210571289,3,0
75.80354499816895,3,0
75.90650200843811,3,0
76.0035502910614,3,0
76.01367497444153,3,1
76.113765001297,3,1
76.21637606620789,3,1
76.31468892097473,3,1
76.4148850440979,3,1
76.51456618309021,3,1
76.6167540550232,3,1
76.71440815925598,3,1
76.81450510025024,3,1
76.91438722610474,3,1
77.01443910598755,3,1
77.11439108848572,3,1
77.2147490978241,3,1
77.3146641254425,3,1
77.41450691223145,3,1
77.51430320739746,3,1
77.61425518989563,3,1
77.71425819396973,3,1
77.81614112854004,3,1
77.91415596008301,3,1
78.0141212940216,3,1
78.115061044693,3,1
78.21638107299805,3,1
78.31417798995972,3,1
78.41425204277039,3,1
78.51613211631775,3,1
78.61413407325745,3,1
78.71525597572327,3,1
78.81415796279907,3,1
78.91424822807312,3,1
79.01689910888672,3,1
79.11424612998962,3,1
79.21412205696106,3,1
79.31474924087524,3,1
79.41416430473328,3,1
79.51650714874268,3,1
79.61438608169556,3,1
79.71650409698486,3,1
79.81417322158813,3,1
79.91538405418396,3,1
80.01626801490784,3,1
80.11438417434692,3,1
80.21453905105591,3,1
80.31567811965942,3,1
80.41442704200745,3,1
80.51588296890259,3,1
80.61424994468689,3,1
80.71662998199463,3,1
80.81687593460083,3,1
80.91455411911011,3,1
81.014564037323,3,1
81.11442399024963,3,1
81.21438503265381,3,1
81.31714296340942,3,1
81.41436719894409,3,1
81.5144989490509,3,1
81.61601209640503,3,1
81.71437907218933,3,1
81.91442394256592,3,1
82.01437520980835,3,1
82.11438417434692,3,1
82.21425604820251,3,1
82.31675791740417,3,1
82.41431307792664,3,1
82.51451706886292,3,1
82.61650609970093,3,1
82.71437621116638,3,1
82.81426191329956,3,1
82.91447710990906,3,1
83.01429390907288,3,1
83.11638116836548,3,1
83.21429395675659,3,1
83.31480002403259,3,1
83.41589403152466,3,1
83.51451420783997,3,1
83.61501407623291,3,1
83.71615719795227,3,1
83.81512999534607,3,1
83.91450428962708,3,1
84.01499009132385,3,1
84.11625695228577,3,1
84.21443510055542,3,1
84.31455516815186,3,1
84.41468000411987,3,1
84.51601099967957,3,1
84.61438202857971,3,1
84.7146201133728,3,1
84.8145022392273,3,1
84.91626524925232,3,1
85.01450324058533,3,1
85.11469006538391,3,1
85.21466517448425,3,1
85.31613731384277,3,1
85.41442012786865,3,1
85.51450204849243,3,1
85.61438012123108,3,1
85.71648621559143,3,1
85.81437730789185,3,1
85.91450810432434,3,1
86.01437902450562,3,1
86.11454510688782,3,1
86.214515209198,3,1
86.3145079612732,3,1
86.41453409194946,3,1
86.51467108726501,3,1
86.61453890800476,3,1
86.71463704109192,3,1
86.81474804878235,3,1
86.914626121521,3,1
87.0158851146698,3,1
87.11588907241821,3,1
87.21454524993896,3,1
87.31474924087524,3,1
87.41474103927612,3,1
87.51475024223328,3,1
87.61463117599487,3,1
87.71475124359131,3,1
87.81451416015625,3,1
87.91466522216797,3,1
88.01456999778748,3,1
88.11612892150879,3,1
88.21461510658264,3,1
88.31479692459106,3,1
88.41466307640076,3,1
88.51588129997253,3,1
88.6162679195404,3,1
88.71614003181458,3,1
88.81454205513,3,1
88.91468000411987,3,1
89.0145001411438,3,1
89.11462807655334,3,1
89.21467208862305,3,1
89.31613302230835,3,1
89.41600823402405,3,1
89.51626586914062,3,1
89.614675283432,3,1
89.71479392051697,3,1
89.81465315818787,3,1
89.91575598716736,3,1
90.01565217971802,3,1
90.115895986557,3,1
90.21576690673828,3,1
90.31657099723816,3,1
90.41563105583191,3,1
90.51626586914062,3,1
90.6160101890564,3,1
90.71601104736328,3,1
90.81726503372192,3,1
90.91588616371155,3,1
91.01475501060486,3,1
91.11589121818542,3,1
91.21477127075195,3,1
91.31599307060242,3,1
91.41480016708374,3,1
91.51588916778564,3,1
91.6148042678833,3,1
91.71589612960815,3,1
91.81481003761292,3,1
91.9160361289978,3,1
92.01488304138184,3,1
92.11590504646301,3,1
92.21474814414978,3,1
92.31639122962952,3,1
92.41478610038757,3,1
92.51588821411133,3,1
92.6160101890564,3,1
92.71588492393494,3,1
92.81689119338989,3,1
92.91587924957275,3,1
93.01637816429138,3,1
93.11588907241821,3,1
93.21625423431396,3,1
93.3166298866272,3,1
93.41576218605042,3,1
93.51588606834412,3,1
93.61614203453064,3,1
93.71650290489197,3,1
93.81637406349182,3,1
93.91614103317261,3,1
94.01602411270142,3,1
94.11651301383972,3,1
94.21600604057312,3,1
94.31675624847412,3,1
94.41600704193115,3,1
94.51663112640381,3,1
94.61603498458862,3,1
94.7160050868988,3,1
94.8163812160492,3,1
94.91600608825684,3,1
95.0160071849823,3,1
95.11663317680359,3,1
95.21600914001465,3,1
95.3168830871582,3,1
95.4165050983429,3,1
95.51600813865662,3,1
95.61530709266663,3,1
95.71625900268555,3,1
95.8158950805664,3,1
95.9166350364685,3,1
96.01600503921509,3,1
96.11600923538208,3,1
96.21663522720337,3,1
96.3168830871582,3,1
96.41612911224365,3,1
96.51613211631775,3,1
96.6165030002594,3,1
96.71614098548889,3,1
96.81650614738464,3,1
96.9161319732666,3,1
97.01663613319397,3,1
97.11638903617859,3,1
97.21650409698486,3,1
97.31704020500183,3,1
97.41649913787842,3,1
97.51637816429138,3,1
97.61614513397217,3,1
97.71663618087769,3,1
97.8161289691925,3,1
97.91626000404358,3,1
98.01651310920715,3,1
98.11626100540161,3,1
98.21664309501648,3,1
98.31625509262085,3,1
98.41626620292664,3,1
98.51663613319397,3,1
98.61687326431274,3,1
98.71638321876526,3,1
98.81738209724426,3,1
98.91624712944031,3,1
99.0160140991211,3,1
99.11614108085632,3,1
99.21674799919128,3,1
99.31602096557617,3,1
99.41600704193115,3,1
99.51626324653625,3,1
99.61600708961487,3,1
99.71663999557495,3,1
99.81601023674011,3,1
99.91626119613647,3,1
100.01626896858215,3,1
100.11625695228577,3,1
100.21600604057312,3,1
100.31663823127747,3,1
100.41650605201721,3,1
100.51651310920715,3,1
100.61612892150879,3,1
100.71638488769531,3,1
100.8162579536438,3,1
100.91663932800293,3,1
101.01626706123352,3,1
101.11638712882996,3,1
101.21626114845276,3,1
101.31638216972351,3,1
101.41662216186523,3,1
101.51663708686829,3,1
101.616366147995,3,1
101.71650815010071,3,1
101.8165111541748,3,1
101.91663098335266,3,1
102.016517162323,3,1
102.1167368888855,3,1
102.21650195121765,3,1
102.3166298866272,3,1
102.41651010513306,3,1
102.51662611961365,3,1
102.61663007736206,3,1
102.71664309501648,3,1
102.81663107872009,3,1
102.91675686836243,3,1
103.01662993431091,3,1
103.11676526069641,3,1
103.21663403511047,3,1
103.3168671131134,3,1
103.41676998138428,3,1
103.51687693595886,3,1
103.61675691604614,3,1
103.71699905395508,3,1
103.81675696372986,3,1
103.91602206230164,3,1
104.01687812805176,3,1
104.11700391769409,3,1
104.21687912940979,3,1
104.31712293624878,3,1
104.4168791770935,3,1
104.51625895500183,3,1
104.61688423156738,3,1
104.71626114845276,3,1
104.81688022613525,3,1
104.91627526283264,3,1
105.0161383152008,3,1
105.11625909805298,3,1
105.21614098548889,3,1
105.31627011299133,3,1
105.4162769317627,3,1
105.5163950920105,3,1
105.61625814437866,3,1
105.7175121307373,3,1
105.81627202033997,3,1
105.91650700569153,3,1
106.0173990726471,3,1
106.11650824546814,3,1
106.21738696098328,3,1
106.31650710105896,3,1
106.41737413406372,3,1
106.51650714874268,3,1
106.61737704277039,3,1
106.71650815010071,3,1
106.81638407707214,3,1
106.9167799949646,3,1
107.01651310920715,3,1
107.11663317680359,3,1
107.21652507781982,3,1
107.31663990020752,3,1
107.41650199890137,3,1
107.51663303375244,3,1
107.61663603782654,3,1
107.71662712097168,3,1
107.8166229724884,3,1
107.91676306724548,3,1
108.01663208007812,3,1
108.11775708198547,3,1
108.21663928031921,3,1
108.31675910949707,3,1
108.41663718223572,3,1
108.51676726341248,3,1
108.61650824546814,3,1
108.71676993370056,3,1
108.81663823127747,3,1
108.91775918006897,3,1
109.01764917373657,3,1
109.1166341304779,3,1
109.21651124954224,3,1
109.31664514541626,3,1
109.4166362285614,3,1
109.51676511764526,3,1
109.61664009094238,3,1
109.71676015853882,3,1
109.81662893295288,3,1
109.91676211357117,3,1
110.01664090156555,3,1
110.11675524711609,3,1
110.21774506568909,3,1
110.31675696372986,3,1
110.41675519943237,3,1
110.51675701141357,3,1
110.61675810813904,3,1
110.7167580127716,3,1
110.81675219535828,3,1
110.91775822639465,3,1
111.01675415039062,3,1
111.11676001548767,3,1
111.21675419807434,3,1
111.31676006317139,3,1
111.41676616668701,3,1
111.51674222946167,3,1
111.61675906181335,3,1
111.71676301956177,3,1
111.81675696372986,3,1
111.91676115989685,3,1
112.01675701141357,3,1
112.11676096916199,3,1
112.21662712097168,3,1
112.31675100326538,3,1
112.4167730808258,3,1
112.51676511764526,3,1
112.61676096916199,3,1
112.71676015853882,3,1
112.81677412986755,3,1
112.91675519943237,3,1
113.01676607131958,3,1
113.11676406860352,3,1
113.21675515174866,3,1
113.30650806427002,3,1
113.34581017494202,3,1
113.44663119316101,3,1
113.54664707183838,3,1
113.64675903320312,3,1
113.74662899971008,3,1
113.84663009643555,3,1
113.9466302394867,3,1
114.04664325714111,3,1
114.14663124084473,3,1
114.24664211273193,3,1
114.34663510322571,3,1
114.44663310050964,3,1
114.53579521179199,3,0
114.6367609500885,3,0
114.68563294410706,3,0
114.78700709342957,3,0
114.88675308227539,3,0
114.98676013946533,3,0
115.0866310596466,3,0
115.18662905693054,3,0
115.2858669757843,3,0
115.38663220405579,3,0
115.4867582321167,3,0
115.58675503730774,3,0
115.68676614761353,3,0
115.78675198554993,3,0
115.88663125038147,3,0
115.93675112724304,2,0
116.0367591381073,2,0
116.13675117492676,2,0
116.2367570400238,2,0
116.33676218986511,2,0
116.43675518035889,2,0
116.5367522239685,2,0
116.63677215576172,2,0
116.73675322532654,2,0
116.83676314353943,2,0
116.84675812721252,2,0
116.85676217079163,2,0
116.95675992965698,2,0
117.05688309669495,2,0
117.09600520133972,2,0
117.19688606262207,2,0
117.29626202583313,2,0
117.34575724601746,1,0
117.44675612449646,1,0
117.5467541217804,1,0
117.6467649936676,1,0
117.746737241745,1,0
117.81574511528015,2,0
117.9170069694519,2,0
118.01688814163208,2,0
118.11700701713562,2,0
118.21687817573547,2,0
118.31613516807556,2,0
118.41787004470825,2,0
118.51801109313965,2,0
118.61688113212585,2,0
118.63593792915344,2,1
118.73687601089478,2,1
118.8368821144104,2,1
118.93687701225281,2,1
119.0368800163269,2,1
119.13688802719116,2,1
119.23688316345215,2,1
119.33688426017761,2,1
119.43688416481018,2,1
119.5368812084198,2,1
119.6368932723999,2,1
119.73675012588501,2,1
119.83688426017761,2,1
119.93687915802002,2,1
120.03688430786133,2,1
120.13787007331848,2,1
120.23688006401062,2,1
120.33688807487488,2,1
120.43687796592712,2,1
120.53688311576843,2,1
120.63788318634033,2,1
120.73588013648987,2,1
120.83687424659729,2,1
120.93688416481018,2,1
121.0368869304657,2,1
121.13788199424744,2,1
121.23692417144775,2,1
121.33688020706177,2,1
121.43688106536865,2,1
121.53787517547607,2,1
121.636892080307,2,1
121.73688411712646,2,1
121.83787703514099,2,1
121.93688488006592,2,1
122.03687810897827,2,1
122.13688206672668,2,1
122.23725891113281,2,1
122.33788323402405,2,1
122.43688488006592,2,1
122.53689312934875,2,1
122.63787508010864,2,1
122.73688220977783,2,1
122.83789610862732,2,1
122.92649912834167,2,1
122.9559280872345,2,0
122.96650528907776,2,0
123.05688500404358,2,0
123.15688419342041,2,0
123.2568769454956,2,0
123.35689115524292,2,0
123.45687913894653,2,0
123.55688691139221,2,0
123.65640711784363,2,0
123.75688409805298,2,0
123.85689115524292,2,0
123.95689225196838,2,0
124.0568859577179,2,0
124.15689206123352,2,0
124.25688815116882,2,0
124.3568902015686,2,0
124.45689105987549,2,0
124.55688214302063,2,0
124.65675210952759,2,0
124.67588186264038,2,0
124.68591809272766,2,0
124.7868902683258,2,0
124.88700318336487,2,0
124.98688912391663,2,0
125.08717608451843,2,0
125.18689107894897,2,0
125.28712916374207,2,0
125.38813614845276,2,0
125.48726010322571,2,0
125.58788514137268,2,0
125.68813109397888,2,0
125.78788113594055,2,0
125.88726210594177,2,0
125.98687624931335,2,0
126.08649802207947,2,0
126.1868851184845,2,0
126.28675699234009,2,0
126.29613304138184,2,0
126.39688491821289,2,0
126.4971251487732,2,0
126.5968930721283,2,0
126.6971321105957,2,0
126.7971420288086,2,0
126.89686226844788,2,0
126.99787616729736,2,0
127.09718322753906,2,0
127.19687604904175,2,0
127.29712986946106,2,0
127.3978819847107,2,0
127.49712610244751,2,0
127.55588006973267,2,1
127.65676403045654,2,1
127.75696921348572,2,1
127.8568811416626,2,1
127.95688700675964,2,1
128.05688500404358,2,1
128.15687227249146,2,1
128.25701713562012,2,1
128.35688424110413,2,1
128.45688223838806,2,1
128.5568859577179,2,1
128.65663313865662,2,1
128.75787615776062,2,1
128.8570101261139,2,1
128.9570140838623,2,1
129.0578751564026,2,1
129.157879114151,2,1
129.25688123703003,2,1
129.3568880558014,2,1
129.45801305770874,2,1
129.55700707435608,2,1
129.65763401985168,2,1
129.75800895690918,2,1
129.85690307617188,2,1
129.95801305770874,2,1
130.0568790435791,2,1
130.15701293945312,2,1
130.2570140361786,2,1
130.3572609424591,2,1
130.45701217651367,2,1
130.55702114105225,2,1
130.65675902366638,2,1
130.75700902938843,2,1
130.85702800750732,2,1
130.95700597763062,2,1
131.05701613426208,2,0
131.15691995620728,2,0
131.2370102405548,2,0
131.3367600440979,2,0
131.4370129108429,2,0
131.53711104393005,2,0
131.63799810409546,2,0
131.66651105880737,3,0
131.76691699028015,3,0
131.86763310432434,3,0
131.96763110160828,3,0
132.06762790679932,3,0
132.1676299571991,3,0
132.21586203575134,3,0
132.24602913856506,4,0
132.3470230102539,4,0
132.4469931125641,4,0
132.54701828956604,4,0
132.64703512191772,4,0
132.6560070514679,3,0
132.75701117515564,3,0
132.8568890094757,3,0
132.9581322669983,3,0
133.05663204193115,3,0
133.15663409233093,3,0
133.25651025772095,3,0
133.35738515853882,3,0
133.45688486099243,3,0
133.55730819702148,3,0
133.6571319103241,3,0
133.7571370601654,3,0
133.83700799942017,3,1
133.9370129108429,3,1
134.03675508499146,3,1
134.05675792694092,3,1
134.157133102417,3,1
134.16599917411804,3,1
134.26700901985168,3,1
134.3670151233673,3,1
134.46800923347473,3,1
134.5670030117035,3,1
134.66800498962402,3,1
134.7670042514801,3,1
134.86801195144653,3,1
134.96701312065125,3,1
135.06700801849365,3,1
135.1670241355896,3,1
135.2680082321167,3,1
135.36703515052795,3,1
135.4673810005188,3,1
135.56701707839966,3,1
135.66727495193481,3,1
135.7675440311432,3,1
135.86713004112244,3,1
135.96701097488403,3,1
136.0675082206726,3,1
136.16800498962402,3,1
136.26825213432312,3,1
136.36800408363342,3,1
136.46740818023682,3,1
136.56803917884827,3,1
136.66737604141235,3,1
136.7673990726471,3,1
136.80737805366516,3,1
136.81701397895813,3,1
136.9170138835907,3,1
137.0170121192932,3,1
137.11800122261047,3,1
137.21762704849243,3,1
137.31801319122314,3,1
137.41804313659668,3,1
137.51700901985168,3,1
137.6180021762848,3,1
137.71800208091736,3,1
137.81796717643738,3,1
137.91800999641418,3,1
138.01788210868835,3,1
138.11814212799072,3,1
138.2176320552826,3,1
138.31813216209412,3,1
138.3680181503296,3,1
138.46764731407166,3,1
138.56816720962524,3,1
138.65606808662415,3,0
138.75750708580017,3,0
138.8570590019226,3,0
138.8770091533661,3,0
138.9770212173462,3,0
139.07701110839844,3,0
139.16628289222717,4,0
139.26763319969177,4,0
139.36738204956055,4,0
139.46764206886292,4,0
139.56738090515137,4,0
139.66769409179688,4,0
139.7685101032257,4,0
139.86763525009155,4,0
139.96751928329468,4,0
140.0677649974823,4,0
140.16763424873352,4,0
140.26813316345215,4,0
140.3676369190216,4,0
140.46777319908142,4,0
140.56775903701782,4,0
140.66775608062744,4,0
140.7678849697113,4,0
140.86788511276245,4,0
140.8770022392273,3,0
140.97700715065002,3,0
141.0770080089569,3,0
141.17713403701782,3,0
141.277006149292,3,0
141.37713408470154,3,0
141.4770541191101,3,0
141.57713294029236,3,0
141.67712926864624,3,0
141.7771291732788,3,0
141.87700700759888,3,0
141.97714495658875,3,0
142.0770070552826,3,0
142.17714500427246,3,0
142.21726417541504,2,0
142.31717491149902,2,0
142.4172670841217,2,0
142.51718497276306,2,0
142.61725902557373,2,0
142.71713709831238,2,0
142.81713604927063,2,0
142.91714310646057,2,0
143.017263174057,2,0
143.11718606948853,2,0
143.2171401977539,2,0
143.3181381225586,2,0
143.41713404655457,2,0
143.43712711334229,1,0
143.53713822364807,1,0
143.63813018798828,1,0
143.73713088035583,1,0
143.83812808990479,1,0
143.93713307380676,1,0
144.0371391773224,1,0
144.13713192939758,1,0
144.23812699317932,1,0
144.33700919151306,1,0
144.4381401538849,1,0
144.53813123703003,1,0
144.63724517822266,1,0
144.73714208602905,1,0
144.83813905715942,1,0
144.93750309944153,1,0
144.95674896240234,0,0
145.0573799610138,0,0
145.15741419792175,0,0
145.25713205337524,0,0
145.35738897323608,0,0
145.45725512504578,0,0
145.5571310520172,0,0
145.65713000297546,0,0
145.7570080757141,0,0
145.85714197158813,0,0
145.9577488899231,0,0
146.0570092201233,0,0
146.15700697898865,0,0
146.2570071220398,0,0
146.35701298713684,0,0
146.4577510356903,0,0
146.55700492858887,0,0
146.65700817108154,0,0
146.75800609588623,0,0
146.8581280708313,0,0
146.95787620544434,0,0
147.05700612068176,0,0
147.15701603889465,0,0
147.25701594352722,0,0
147.3571331501007,0,0
147.45775508880615,0,0
147.5581250190735,0,0
147.65812802314758,0,0
147.75737595558167,0,0
147.8570101261139,0,0
147.9573941230774,0,0
148.05714297294617,0,0
148.15714311599731,0,0
148.25712823867798,0,0
148.35813117027283,0,0
148.45787906646729,0,0
148.55712914466858,0,0
148.6571261882782,0,0
148.75713396072388,0,0
148.85713911056519,0,0
148.95788526535034,0,0
149.05812907218933,0,0
149.1571319103241,0,0
149.25713300704956,0,0
149.35739612579346,0,0
149.45787525177002,0,0
